Campaign,Ad Group,Final URL,Keyword,Match Type,Status
Custom Software Development,Custom Software Core,https://rdmi-landing-page.netlify.app/kw/custom-software-development,custom software development,Phrase,Enabled
Custom Software Development,Custom Software Core,https://rdmi-landing-page.netlify.app/kw/custom-software-development,custom software development company,Phrase,Enabled
Custom Software Development,Custom Software Core,https://rdmi-landing-page.netlify.app/kw/custom-software-development,custom software development companies,Phrase,Enabled
Custom Software Development,Custom Software Core,https://rdmi-landing-page.netlify.app/kw/custom-software-development,custom software development services,Phrase,Enabled
Custom Software Development,Custom Software Core,https://rdmi-landing-page.netlify.app/kw/custom-software-development,custom software development agency,Phrase,Enabled
Custom Software Development,Custom Software Core,https://rdmi-landing-page.netlify.app/kw/custom-software-development,bespoke software development,Phrase,Enabled
Custom Software Development,Custom Software Core,https://rdmi-landing-page.netlify.app/kw/custom-software-development,bespoke software development services,Phrase,Enabled
Custom Software Development,Custom Software Core,https://rdmi-landing-page.netlify.app/kw/custom-software-development,custom software engineering,Phrase,Enabled
Custom Software Development,Enterprise SaaS,https://rdmi-landing-page.netlify.app/kw/enterprise-saas-development,enterprise software development,Phrase,Enabled
Custom Software Development,Enterprise SaaS,https://rdmi-landing-page.netlify.app/kw/enterprise-saas-development,enterprise saas development,Phrase,Enabled
Custom Software Development,Enterprise SaaS,https://rdmi-landing-page.netlify.app/kw/enterprise-saas-development,saas development company,Phrase,Enabled
Custom Software Development,Enterprise SaaS,https://rdmi-landing-page.netlify.app/kw/enterprise-saas-development,saas product development,Phrase,Enabled
Custom Software Development,Enterprise SaaS,https://rdmi-landing-page.netlify.app/kw/enterprise-saas-development,erp development company,Phrase,Enabled
Custom Software Development,Enterprise SaaS,https://rdmi-landing-page.netlify.app/kw/enterprise-saas-development,crm development company,Phrase,Enabled
Custom Software Development,Enterprise SaaS,https://rdmi-landing-page.netlify.app/kw/enterprise-saas-development,custom erp software,Phrase,Enabled
Custom Software Development,Enterprise SaaS,https://rdmi-landing-page.netlify.app/kw/enterprise-saas-development,enterprise software solutions,Phrase,Enabled
Custom Software Development,Hire Developers,https://rdmi-landing-page.netlify.app/kw/hire-software-developers-india,hire software developers india,Phrase,Enabled
Custom Software Development,Hire Developers,https://rdmi-landing-page.netlify.app/kw/hire-software-developers-india,hire dedicated developers,Phrase,Enabled
Custom Software Development,Hire Developers,https://rdmi-landing-page.netlify.app/kw/hire-software-developers-india,hire remote developers india,Phrase,Enabled
Custom Software Development,Hire Developers,https://rdmi-landing-page.netlify.app/kw/hire-software-developers-india,offshore software development,Phrase,Enabled
Custom Software Development,Hire Developers,https://rdmi-landing-page.netlify.app/kw/hire-software-developers-india,offshore software development company,Phrase,Enabled
Custom Software Development,Hire Developers,https://rdmi-landing-page.netlify.app/kw/hire-software-developers-india,outsourcing software development,Phrase,Enabled
Custom Software Development,Hire Developers,https://rdmi-landing-page.netlify.app/kw/hire-software-developers-india,software development outsourcing,Phrase,Enabled
Custom Software Development,Hire Developers,https://rdmi-landing-page.netlify.app/kw/hire-software-developers-india,staff augmentation india,Phrase,Enabled
AI Agent & Automation,AI Agent Development,https://rdmi-landing-page.netlify.app/kw/ai-agent-development,ai agent development,Phrase,Enabled
AI Agent & Automation,AI Agent Development,https://rdmi-landing-page.netlify.app/kw/ai-agent-development,ai agent development company,Phrase,Enabled
AI Agent & Automation,AI Agent Development,https://rdmi-landing-page.netlify.app/kw/ai-agent-development,custom ai agent development,Phrase,Enabled
AI Agent & Automation,AI Agent Development,https://rdmi-landing-page.netlify.app/kw/ai-agent-development,ai agent for business,Phrase,Enabled
AI Agent & Automation,AI Agent Development,https://rdmi-landing-page.netlify.app/kw/ai-agent-development,build ai agent,Phrase,Enabled
AI Agent & Automation,AI Agent Development,https://rdmi-landing-page.netlify.app/kw/ai-agent-development,agentic ai development,Phrase,Enabled
AI Agent & Automation,AI Agent Development,https://rdmi-landing-page.netlify.app/kw/ai-agent-development,autonomous ai agent,Phrase,Enabled
AI Agent & Automation,AI Agent Development,https://rdmi-landing-page.netlify.app/kw/ai-agent-development,ai agent consulting,Phrase,Enabled
AI Agent & Automation,AI Chatbot Development,https://rdmi-landing-page.netlify.app/kw/ai-chatbot-development,ai chatbot development,Phrase,Enabled
AI Agent & Automation,AI Chatbot Development,https://rdmi-landing-page.netlify.app/kw/ai-chatbot-development,ai chatbot development company,Phrase,Enabled
AI Agent & Automation,AI Chatbot Development,https://rdmi-landing-page.netlify.app/kw/ai-chatbot-development,custom ai chatbot development,Phrase,Enabled
AI Agent & Automation,AI Chatbot Development,https://rdmi-landing-page.netlify.app/kw/ai-chatbot-development,chatbot development services,Phrase,Enabled
AI Agent & Automation,AI Chatbot Development,https://rdmi-landing-page.netlify.app/kw/ai-chatbot-development,whatsapp ai chatbot,Phrase,Enabled
AI Agent & Automation,AI Chatbot Development,https://rdmi-landing-page.netlify.app/kw/ai-chatbot-development,ai chatbot for business,Phrase,Enabled
AI Agent & Automation,AI Chatbot Development,https://rdmi-landing-page.netlify.app/kw/ai-chatbot-development,ai chatbot integration,Phrase,Enabled
AI Agent & Automation,AI Chatbot Development,https://rdmi-landing-page.netlify.app/kw/ai-chatbot-development,rag chatbot development,Phrase,Enabled
AI Agent & Automation,AI Automation & Workflow,https://rdmi-landing-page.netlify.app/kw/ai-automation-workflow,ai automation services,Phrase,Enabled
AI Agent & Automation,AI Automation & Workflow,https://rdmi-landing-page.netlify.app/kw/ai-automation-workflow,workflow automation services,Phrase,Enabled
AI Agent & Automation,AI Automation & Workflow,https://rdmi-landing-page.netlify.app/kw/ai-automation-workflow,business process automation,Phrase,Enabled
AI Agent & Automation,AI Automation & Workflow,https://rdmi-landing-page.netlify.app/kw/ai-automation-workflow,ai workflow automation,Phrase,Enabled
AI Agent & Automation,AI Automation & Workflow,https://rdmi-landing-page.netlify.app/kw/ai-automation-workflow,ai process automation,Phrase,Enabled
AI Agent & Automation,AI Automation & Workflow,https://rdmi-landing-page.netlify.app/kw/ai-automation-workflow,intelligent process automation,Phrase,Enabled
AI Agent & Automation,AI Automation & Workflow,https://rdmi-landing-page.netlify.app/kw/ai-automation-workflow,workflow automation india,Phrase,Enabled
AI Agent & Automation,AI Automation & Workflow,https://rdmi-landing-page.netlify.app/kw/ai-automation-workflow,document automation ai,Phrase,Enabled
Custom Software Development,Custom Software Core,,-free,Negative Broad,Enabled
Custom Software Development,Custom Software Core,,-tutorial,Negative Broad,Enabled
Custom Software Development,Custom Software Core,,-course,Negative Broad,Enabled
Custom Software Development,Custom Software Core,,-jobs,Negative Broad,Enabled
Custom Software Development,Custom Software Core,,-salary,Negative Broad,Enabled
Custom Software Development,Custom Software Core,,-internship,Negative Broad,Enabled
Custom Software Development,Custom Software Core,,-freelance,Negative Broad,Enabled
Custom Software Development,Custom Software Core,,-wikipedia,Negative Broad,Enabled
Custom Software Development,Custom Software Core,,-what is,Negative Phrase,Enabled
Custom Software Development,Custom Software Core,,-how to,Negative Phrase,Enabled
Custom Software Development,Custom Software Core,,-download,Negative Broad,Enabled
Custom Software Development,Custom Software Core,,-pdf,Negative Broad,Enabled
Custom Software Development,Custom Software Core,,-github,Negative Broad,Enabled
Custom Software Development,Custom Software Core,,-youtube,Negative Broad,Enabled
Custom Software Development,Custom Software Core,,-learn,Negative Broad,Enabled
Custom Software Development,Custom Software Core,,-open source,Negative Phrase,Enabled
Custom Software Development,Custom Software Core,,-resume,Negative Broad,Enabled
AI Agent & Automation,AI Agent Development,,-free,Negative Broad,Enabled
AI Agent & Automation,AI Agent Development,,-tutorial,Negative Broad,Enabled
AI Agent & Automation,AI Agent Development,,-course,Negative Broad,Enabled
AI Agent & Automation,AI Agent Development,,-jobs,Negative Broad,Enabled
AI Agent & Automation,AI Agent Development,,-salary,Negative Broad,Enabled
AI Agent & Automation,AI Agent Development,,-internship,Negative Broad,Enabled
AI Agent & Automation,AI Agent Development,,-wikipedia,Negative Broad,Enabled
AI Agent & Automation,AI Agent Development,,-what is,Negative Phrase,Enabled
AI Agent & Automation,AI Agent Development,,-how to,Negative Phrase,Enabled
AI Agent & Automation,AI Agent Development,,-download,Negative Broad,Enabled
AI Agent & Automation,AI Agent Development,,-pdf,Negative Broad,Enabled
AI Agent & Automation,AI Agent Development,,-github,Negative Broad,Enabled
AI Agent & Automation,AI Agent Development,,-youtube,Negative Broad,Enabled
AI Agent & Automation,AI Agent Development,,-learn,Negative Broad,Enabled
AI Agent & Automation,AI Agent Development,,-open source,Negative Phrase,Enabled
AI Agent & Automation,AI Agent Development,,-langchain tutorial,Negative Phrase,Enabled
AI Agent & Automation,AI Agent Development,,-crewai tutorial,Negative Phrase,Enabled
AI Agent & Automation,AI Agent Development,,-roadmap,Negative Broad,Enabled
AI Agent & Automation,AI Agent Development,,-meaning,Negative Broad,Enabled
