Campaign,Ad Group,Keyword,Match Type,Final URL,Path 1,Path 2,Headline 1,Headline 2,Headline 3,Headline 4,Headline 5,Headline 6,Headline 7,Headline 8,Headline 9,Headline 10,Headline 11,Headline 12,Headline 13,Headline 14,Headline 15,Description 1,Description 2,Description 3,Description 4
Broad Software Development,Homepage Broad Intent,software development company india,Phrase,https://rdmi-landing-page.netlify.app/,custom-software,app-development,Custom Software Company India,AI-First Software Development,Talk To Developers Directly,Mobile App Development India,Web App Development Company,Build SaaS Faster With AI,Save 50% Vs US UK Agencies,200+ Products Shipped,₹47Cr+ Client Revenue Driven,Free Quote In 2 Hours,Free Prototype In 48 Hours,Money-Back Deadline Promise,AI Agents Chatbots Workflows,Senior Developers Only,Build Your Product In Weeks,Custom software mobile apps SaaS and AI platforms built by senior developers in India.,Talk directly to developers not sales reps. Free quote in 2 hours. NDA protected.,200+ products shipped. AI-first delivery helps launch faster at 50% lower cost.,Web apps mobile apps AI agents and enterprise software with full source code ownership.
Broad Software Development,Homepage Broad Intent,custom software development company,Exact,https://rdmi-landing-page.netlify.app/,custom-software,app-development,Custom Software Company India,AI-First Software Development,Talk To Developers Directly,Mobile App Development India,Web App Development Company,Build SaaS Faster With AI,Save 50% Vs US UK Agencies,200+ Products Shipped,₹47Cr+ Client Revenue Driven,Free Quote In 2 Hours,Free Prototype In 48 Hours,Money-Back Deadline Promise,AI Agents Chatbots Workflows,Senior Developers Only,Build Your Product In Weeks,Custom software mobile apps SaaS and AI platforms built by senior developers in India.,Talk directly to developers not sales reps. Free quote in 2 hours. NDA protected.,200+ products shipped. AI-first delivery helps launch faster at 50% lower cost.,Web apps mobile apps AI agents and enterprise software with full source code ownership.
Custom Software Development,Custom Software Development,custom software development,Exact,https://rdmi-landing-page.netlify.app/kw/custom-software-development,custom-software,india,Custom Software Development,Custom Software Company India,Bespoke Software Development,Senior Developers Only,Free Quote In 2 Hours,Save 50% Vs US UK Firms,200+ Projects Delivered,Full Source Code Ownership,NDA Signed Before First Call,Free Prototype In 48 Hours,Fixed Price Software Quote,Build Custom Software Faster,No Sales Team Talk To Devs,Money-Back First Milestone,Launch In Weeks Not Months,Custom software development by senior developers in India. Fixed-price quote in 2 hours.,Bespoke web apps SaaS ERP CRM and AI software with full source code ownership.,Talk directly to the developers building your software. NDA protected from day one.,200+ projects delivered with 50% lower cost and faster launch than traditional agencies.
Custom Software Development,Custom Software Development,custom software development services,Phrase,https://rdmi-landing-page.netlify.app/kw/custom-software-development,custom-software,india,Custom Software Development,Custom Software Company India,Bespoke Software Development,Senior Developers Only,Free Quote In 2 Hours,Save 50% Vs US UK Firms,200+ Projects Delivered,Full Source Code Ownership,NDA Signed Before First Call,Free Prototype In 48 Hours,Fixed Price Software Quote,Build Custom Software Faster,No Sales Team Talk To Devs,Money-Back First Milestone,Launch In Weeks Not Months,Custom software development by senior developers in India. Fixed-price quote in 2 hours.,Bespoke web apps SaaS ERP CRM and AI software with full source code ownership.,Talk directly to the developers building your software. NDA protected from day one.,200+ projects delivered with 50% lower cost and faster launch than traditional agencies.
Mobile App Development,Mobile App Development,mobile app development company,Exact,https://rdmi-landing-page.netlify.app/kw/mobile-app-development,mobile-app,india,Mobile App Development India,App Development Company,Android App Development,iOS App Development Company,Flutter App Development,Build Your App In Weeks,120K+ App Downloads Shipped,Senior App Developers Only,Free App Quote In 2 Hours,Free Prototype Before Payment,Save 50% Vs US UK Agencies,React Native App Development,App Store To Play Store,Custom Mobile App Company,Talk Directly To Developers,Android iOS Flutter and React Native apps built by senior developers in India.,Get a fixed-price app quote in 2 hours with direct access to the team building it.,Launch faster with AI-powered delivery full source code ownership and NDA protection.,Custom mobile app development for startups enterprises and high-growth businesses.
Mobile App Development,Mobile App Development,app development company,Phrase,https://rdmi-landing-page.netlify.app/kw/mobile-app-development,mobile-app,india,Mobile App Development India,App Development Company,Android App Development,iOS App Development Company,Flutter App Development,Build Your App In Weeks,120K+ App Downloads Shipped,Senior App Developers Only,Free App Quote In 2 Hours,Free Prototype Before Payment,Save 50% Vs US UK Agencies,React Native App Development,App Store To Play Store,Custom Mobile App Company,Talk Directly To Developers,Android iOS Flutter and React Native apps built by senior developers in India.,Get a fixed-price app quote in 2 hours with direct access to the team building it.,Launch faster with AI-powered delivery full source code ownership and NDA protection.,Custom mobile app development for startups enterprises and high-growth businesses.
Web Development,Web Development Company,web development company,Exact,https://rdmi-landing-page.netlify.app/kw/web-development-company,web-development,india,Web Development Company,Custom Web App Development,Website Development Company,Next.js React Node.js Team,Web Apps Built To Scale,Free Quote In 2 Hours,Talk To Developers Directly,Build SaaS Faster With AI,Senior Web Developers Only,Fixed Price Web App Quote,Save 50% Vs US UK Agencies,Source Code Ownership,Launch Your Web App Faster,NDA Protected Development,From MVP To Enterprise,Custom web apps SaaS portals and websites built with React Next.js and Node.js.,Talk directly to senior developers. Free fixed-price quote in 2 hours.,Launch faster with AI-powered development source code ownership and NDA protection.,Web development company in India for startups enterprises and product teams.
Web Development,Web Development Company,web application development,Phrase,https://rdmi-landing-page.netlify.app/kw/web-development-company,web-development,india,Web Development Company,Custom Web App Development,Website Development Company,Next.js React Node.js Team,Web Apps Built To Scale,Free Quote In 2 Hours,Talk To Developers Directly,Build SaaS Faster With AI,Senior Web Developers Only,Fixed Price Web App Quote,Save 50% Vs US UK Agencies,Source Code Ownership,Launch Your Web App Faster,NDA Protected Development,From MVP To Enterprise,Custom web apps SaaS portals and websites built with React Next.js and Node.js.,Talk directly to senior developers. Free fixed-price quote in 2 hours.,Launch faster with AI-powered development source code ownership and NDA protection.,Web development company in India for startups enterprises and product teams.
AI Software Development,AI Software Development,ai software development,Exact,https://rdmi-landing-page.netlify.app/kw/ai-software-development,ai-software,india,AI Software Development,AI App Development Company,Build AI Agents Faster,RAG Chatbot Automation Team,OpenAI Claude LangChain Experts,Free AI Strategy Session,AI Product Quote In 2 Hours,Production AI Not Demos,Senior AI Engineers Only,AI Apps That Cut Manual Work,AI Built For Real ROI,Talk To AI Developers Directly,AI Chatbots Voice Agents,Custom AI Software India,Launch AI In Weeks,Build AI apps agents chatbots and RAG systems with senior AI engineers in India.,Production-grade AI software using OpenAI Claude Gemini and LangChain.,Free AI strategy session fixed-price estimate and direct developer access in 2 hours.,AI software development focused on automation support deflection and measurable ROI.
AI Software Development,AI Software Development,ai app development company,Phrase,https://rdmi-landing-page.netlify.app/kw/ai-software-development,ai-software,india,AI Software Development,AI App Development Company,Build AI Agents Faster,RAG Chatbot Automation Team,OpenAI Claude LangChain Experts,Free AI Strategy Session,AI Product Quote In 2 Hours,Production AI Not Demos,Senior AI Engineers Only,AI Apps That Cut Manual Work,AI Built For Real ROI,Talk To AI Developers Directly,AI Chatbots Voice Agents,Custom AI Software India,Launch AI In Weeks,Build AI apps agents chatbots and RAG systems with senior AI engineers in India.,Production-grade AI software using OpenAI Claude Gemini and LangChain.,Free AI strategy session fixed-price estimate and direct developer access in 2 hours.,AI software development focused on automation support deflection and measurable ROI.
E-Commerce Development,E-Commerce Development,ecommerce development company,Exact,https://rdmi-landing-page.netlify.app/kw/ecommerce-development,ecommerce,india,Ecommerce Development Company,Shopify App Development,Ecommerce App Development,Marketplace Development Team,Headless Commerce Experts,Build Store Faster With AI,Free Quote In 2 Hours,Custom Ecommerce Company,Shopify Web Development,Senior Developers Only,Save 50% Vs US UK Agencies,Grocery Delivery App Dev,Source Code Ownership,Revenue-Focused Ecommerce Dev,Talk To Developers Directly,Ecommerce apps Shopify builds and custom marketplaces designed for conversion and scale.,Talk directly to senior developers. Free fixed-price quote in 2 hours.,Build faster with AI-powered delivery full source code ownership and NDA protection.,Ecommerce development for D2C B2B marketplaces and on-demand businesses.
E-Commerce Development,E-Commerce Development,shopify app development,Phrase,https://rdmi-landing-page.netlify.app/kw/ecommerce-development,ecommerce,india,Ecommerce Development Company,Shopify App Development,Ecommerce App Development,Marketplace Development Team,Headless Commerce Experts,Build Store Faster With AI,Free Quote In 2 Hours,Custom Ecommerce Company,Shopify Web Development,Senior Developers Only,Save 50% Vs US UK Agencies,Grocery Delivery App Dev,Source Code Ownership,Revenue-Focused Ecommerce Dev,Talk To Developers Directly,Ecommerce apps Shopify builds and custom marketplaces designed for conversion and scale.,Talk directly to senior developers. Free fixed-price quote in 2 hours.,Build faster with AI-powered delivery full source code ownership and NDA protection.,Ecommerce development for D2C B2B marketplaces and on-demand businesses.
